{"cameraMode":{"drawMode":0,"name":"Shaded","section":"Shading Mode"},"sceneLighting":true,"audioPlay":false,"sceneViewState":{"showFog":false,"showMaterialUpdate":false,"showSkybox":false,"showFlares":false,"showImageEffects":false,"showParticleSystems":false},"in2DMode":false,"pivot":{"x":3.302814483642578,"y":5.524331092834473,"z":-0.2253885269165039},"rotation":{"x":0.13117247819900514,"y":-0.8471943736076355,"z":0.24577581882476808,"w":0.4525095224380493},"size":4.647104263305664,"orthographic":false}